Item Code,Item Name,Category Name,net_qty_kg,net_revenue,avg_sell_price,avg_wholesale,loss_rate,loss_adj_margin,discount_share,txn_count
102900011009772,Fruit Pepper (Orange),Capsicum,0.415,10.706999999999999,25.8,20.0,0.0943,1.5428175996466802,0.0,1
102900011033562,Red Oak Leaf,Flower/Leaf Vegetables,0.419,8.2962,19.8,12.0,0.0943,2.7446928784365694,0.0,3
102900011033913,Purple Cabbage (2),Cabbage,0.615,9.024,15.0,10.425,0.0943,2.3545399138787673,0.0,2
102900051000890,Broccoli,Flower/Leaf Vegetables,0.671,6.710000000000001,10.0,3.99,0.0943,3.7539549519708513,0.0,1
102900011033531,Red Coral (Leaf),Flower/Leaf Vegetables,0.682,13.5036,19.8,11.99,0.0943,4.47502541680468,0.0,5
102900011015391,Ganlanye,Flower/Leaf Vegetables,0.9430000000000001,11.315999999999999,12.0,2.0,0.1158,9.182998416647816,0.0,2
102900011031858,Needle Mushroom (Bag),Edible Mushroom,1.0,3.5,3.5,0.1,0.0943,3.389588163851165,0.0,1
102900011023075,White Jelly Mushroom,Edible Mushroom,1.0,4.9,4.9,3.0,0.11130000000000001,1.5242826600652646,0.0,1
106973223300667,Chinese Caterpillar Fungus Flowers (Box) (2),Edible Mushroom,1.0,12.9,12.9,5.0,0.11130000000000001,7.273804433442107,0.0,1
102900011011058,Black Porcini,Edible Mushroom,1.084,81.14439999999999,77.64999999999999,63.6275,0.1017,4.867476923076913,0.5,4
102900011033586,Green Butter,Flower/Leaf Vegetables,1.153,22.8294,19.8,12.0,0.0943,7.552818350447167,0.0,5
102900011010563,Chicken Fir Bacteria,Edible Mushroom,1.215,92.097,75.8,80.0,0.1193,-18.269753718632913,0.0,7
102900011029275,Purple Hot Peppers,Capsicum,1.754,28.064,16.0,13.002857142857142,0.09429999999999998,2.8843709837694593,0.0,7
102900005128748,Huanghuacai,Flower/Leaf Vegetables,1.784,127.60759999999999,67.85454545454546,59.877272727272725,0.1689,-7.323395066778977,0.18181818181818182,11
102900005116905,Green Hangjiao (1),Capsicum,1.817,33.1168,17.48,7.601999999999999,0.0,18.826410000000003,0.0,5
106931885000356,Embroidered Aureus (Bag),Edible Mushroom,2.0,25.6,12.8,8.129999999999999,0.0834,7.860528038402794,0.0,2
102900011032480,Artemisia Stelleriana,Flower/Leaf Vegetables,2.224,54.7254,26.160000000000004,18.302,0.0,17.77503,0.26666666666666666,15
102900011021675,Chopped Red Pine,Edible Mushroom,2.388,61.6104,25.8,12.001666666666667,0.08749999999999998,30.20236712328767,0.0,6
102900011029688,Shuanggou Cabbage,Flower/Leaf Vegetables,2.8859999999999997,17.316,6.0,3.4,0.1075,6.321714285714286,0.0,4
102900011036266,Velvet Antler Mushroom (Box),Edible Mushroom,3.0,14.700000000000001,4.9,3.3966666666666665,0.0,4.510000000000002,0.0,3
102900011034538,Black Mushroom (Bag),Edible Mushroom,3.0,18.7,6.233333333333333,2.4833333333333334,0.0943,10.474318206911782,0.0,3
102900011008577,Hericium ,Edible Mushroom,3.0,24.5,8.166666666666666,4.236666666666667,0.16190000000000002,9.33474525712922,0.0,3
102900011030400,Hongshan Shoutidai,Flower/Leaf Vegetables,3.0,44.5,14.833333333333334,73.5,0.0,-176.0,1.0,3
102900011030417,Hongshan Gift Box,Flower/Leaf Vegetables,3.0,48.8,16.266666666666666,141.0,0.0,-374.2,1.0,3
102900011015384,Malan Head,Flower/Leaf Vegetables,3.39,161.2658,47.050000000000004,30.216785714285717,0.1516,40.5936760018859,0.0,28
102900011030639,Black Chicken Fir Bacteria (Box),Edible Mushroom,4.0,69.3,17.325,15.4825,0.0,7.370000000000001,0.25,4
102900011030622,Black Porcini (Box),Edible Mushroom,4.0,79.2,19.8,14.5225,0.0,21.11,0.0,4
102900011007495,The Dandelion,Flower/Leaf Vegetables,4.232,123.91550000000001,29.79032258064516,18.212580645161292,0.1592,31.62623977164606,0.0967741935483871,31
102900011033999,Round Eggplant (1),Solanum,4.981,25.9012,5.2,6.19,0.0943,-8.141827492547204,0.0,12
102900011030561,Chopped Red Pine (Box),Edible Mushroom,5.0,84.0,16.8,12.4,0.0,22.000000000000004,0.0,5
102900011012871,Black Chicken  Mushroom,Edible Mushroom,5.795,603.127,104.89142857142856,63.18571428571428,0.1103,193.59691120602452,0.02857142857142857,35
102900011031742,Bell Pepper (Bag),Capsicum,6.0,16.5,2.75,1.8533333333333333,0.0943,4.22220382024953,0.16666666666666666,6
102900011034323,Xianzongye,Flower/Leaf Vegetables,6.009,114.27420000000001,18.400000000000002,15.701785714285714,0.0,19.925410000000007,0.0,28
102900011026502,Fresh Rice Dumplings Leaves,Flower/Leaf Vegetables,6.32,122.0292,19.227272727272727,12.171136363636363,0.1094,35.11021280035932,0.0,44
102900011021699,The Steak Mushrooms,Edible Mushroom,6.602,187.4036,28.36,15.7416,0.08109999999999999,74.3020982043748,0.0,25
102900011029299,Purple Screw Pepper,Capsicum,6.843,119.5854,17.255172413793105,12.94,0.0,30.31784,0.034482758620689655,29
102900011030615,The Pork Stomach Mushroom (Box),Edible Mushroom,7.0,79.4,11.342857142857143,10.412857142857144,0.0,6.510000000000003,0.2857142857142857,7
106931885000035,Embroidered Aureus,Edible Mushroom,7.0,89.9,12.842857142857143,6.771428571428571,0.11130000000000002,36.563666029031175,0.0,7
102900011008492,Big Broccoli,Flower/Leaf Vegetables,7.48,27.424,3.8,4.31,0.046900000000000004,-6.401201972510753,0.8,10
102900011007471,Mint,Flower/Leaf Vegetables,7.568,133.50480000000002,17.89275362318841,10.575072463768116,0.1328,40.5222815498155,0.13043478260869565,69
102900011000335,Round Eggplant,Solanum,7.658,94.53,12.285714285714286,4.456428571428572,0.0032,60.55079654895666,0.0,14
106971563780002,Xianzongye (Bag) (2),Flower/Leaf Vegetables,8.0,39.2,4.9,2.91875,0.0,15.850000000000001,0.0,8
102900011034705,The Fungus Mushroom Hot Pot Package (Bag),Edible Mushroom,8.0,90.10000000000001,11.262500000000001,6.7,0.0943,30.91925582422435,0.625,8
102900011027615,Juhua Youcai,Flower/Leaf Vegetables,8.472,84.72,10.0,6.299999999999999,0.034300000000000004,29.45066169617894,0.0,21
102900011033968,Xixia Black Mushroom (2),Edible Mushroom,9.24,178.0668,19.263636363636365,12.601590909090909,0.0943,49.50459397151375,0.09090909090909091,44
102900011033173,Sophora Japonica,Flower/Leaf Vegetables,9.3,174.0708,19.317073170731707,10.056585365853659,0.168,63.11219423076923,0.0,41
102900011034316,Zhimaxiancai,Flower/Leaf Vegetables,9.381,56.286,6.0,4.21,0.0,16.79199,0.0,27
102900011026793,Apricot Bao Mushroom (250 G),Edible Mushroom,10.0,49.0,4.9,3.0140000000000002,0.0943,15.721872584741085,0.0,10
102900011032114,Water Chestnut (Bag),Aquatic Tuberous Vegetables,10.0,59.0,5.9,3.992,0.0943,14.923595009385004,0.0,10
102900011031841,Agaricus Bisporus (Bag),Edible Mushroom,10.0,79.8,7.9799999999999995,4.228,0.0943,33.1178756762725,0.2,10
102900011026618,Aihao,Flower/Leaf Vegetables,10.512,43.32,4.148148148148148,2.771111111111111,0.09269999999999999,11.15251405268379,0.0,27
102900011035962,Wild Lotus Root (2),Aquatic Tuberous Vegetables,11.398,148.174,13.0,4.1489473684210525,0.0943,95.60037738765595,0.0,19
102900011008515,Miantiaocai,Flower/Leaf Vegetables,12.936,117.8972,9.212698412698412,6.27,0.128,22.526764220183487,0.31746031746031744,63
102900011031759,Red Bell Pepper (Bag),Capsicum,13.0,47.3,3.6384615384615384,2.781538461538461,0.0943,7.375080048581205,0.0,13
102900011036068,Mushroom And Leaf Mix (Bag),Edible Mushroom,13.0,86.7,6.6692307692307695,2.8500000000000005,0.0943,45.792414706856576,0.38461538461538464,13
102900011000632,Purple Cabbage (1),Cabbage,13.251,180.2526,13.558333333333332,7.87875,0.2553,45.803774969786474,0.0,24
102900011008133,Siguajian,Flower/Leaf Vegetables,14.227,286.49060000000003,20.64,15.733142857142857,0.1598,28.526531920971223,0.0,35
102900011011669,Xiuzhen Mushroom,Edible Mushroom,14.708,223.83,15.333333333333334,9.889841269841268,0.1193,60.63707391847396,0.0,63
102900011008676,Jicai,Flower/Leaf Vegetables,15.887,92.08840000000001,6.0736842105263165,4.810263157894736,0.11560000000000001,13.495862686567165,0.2631578947368421,38
102900011006955,Ice Grass,Flower/Leaf Vegetables,16.337,229.8204,13.9125,7.427499999999999,0.1501,87.76133422755619,0.0,48
102900011035849,Chinese Cabbage Seedling,Flower/Leaf Vegetables,16.538,116.564,7.076923076923077,3.6253846153846156,0.0,56.88714,0.0,39
102900011027462,Naibai Caimiao,Flower/Leaf Vegetables,16.829,168.29,10.0,5.439024390243903,0.10940000000000001,65.37210195373906,0.0,41
102900011032640,Jigu (2),Edible Mushroom,16.953,243.6166,14.536000000000001,9.061733333333333,0.0943,73.80657460527767,0.5466666666666666,75
102900011031735,7 Colour Pepper (Bag),Capsicum,18.0,91.0,5.055555555555555,3.4305555555555554,0.0943,22.82069117809429,0.05555555555555555,18
102900005115816,Nanguajian,Flower/Leaf Vegetables,18.428,151.592,8.19047619047619,4.6083333333333325,0.1346,53.48452368846775,0.0,42
102900051006229,Lotus Root Tip,Aquatic Tuberous Vegetables,18.614,74.456,4.0,2.9326470588235294,0.0,19.869120000000002,0.0,34
102900011024010,Fresh Lotus Root Zone (Bag),Aquatic Tuberous Vegetables,21.0,388.2,19.378947368421052,15.0,0.12689999999999999,27.41658458366735,0.0,19
102900005117353,The White Mushroom (1),Edible Mushroom,22.0,107.80000000000001,4.9,1.0,0.0943,83.50939604725627,0.0,22
102900011033081,Chuncai,Flower/Leaf Vegetables,24.996,183.711,7.175,4.1405,0.2903,30.6220891926166,0.0,40
102900011021644,Hongshan Caitai,Flower/Leaf Vegetables,25.0,99.0,3.96,5.582000000000001,0.0934,-54.92675932053828,0.68,25
102900011036686,Muercai (Bag),Flower/Leaf Vegetables,27.0,96.9,3.588888888888889,2.16,0.0943,32.507817157999334,0.4074074074074074,27
102900051010790,Purple Beicai,Flower/Leaf Vegetables,27.022,446.0582,16.396078431372548,8.088235294117647,0.19579999999999997,173.3247630440189,0.006535947712418301,153
102900011000861,Red Line Pepper,Capsicum,27.805,383.753,14.104032258064517,8.756693548387096,0.0771,120.43896814389427,0.0,248
102900011032626,Fresh Edible Fungus (2),Edible Mushroom,28.535,357.7266,12.583720930232559,7.334651162790697,0.0943,127.99338811968641,0.27906976744186046,86
102900011029305,Fruit Chili,Capsicum,28.571,629.4794,21.81954887218045,16.469774436090226,0.0018,150.6775767180926,0.06015037593984962,133
102900011032589,Yuxingcao ,Flower/Leaf Vegetables,28.601,332.9484,11.728301886792453,5.02311320754717,0.0943,174.59680454896767,0.07547169811320754,106
102900011031216,Ice Grass (Box),Flower/Leaf Vegetables,29.0,255.4,8.806896551724138,6.412068965517241,0.10339999999999999,48.00539817086775,0.27586206896551724,29
102900011007464,Perilla,Flower/Leaf Vegetables,30.172,583.9350000000001,20.466666666666665,12.516111111111112,0.1288,200.30054178145087,0.029914529914529916,234
102900011022924,Green Caitai,Flower/Leaf Vegetables,30.275,90.825,3.0,1.4,0.1094,43.23348865933079,0.0,61
102900011028407,Yuganjiao,Capsicum,33.907000000000004,429.548,12.677685950413224,7.588760330578513,0.0943,144.45596069338632,0.0,121
102900011030608,The Steak Mushrooms (Box),Edible Mushroom,35.0,285.8,8.077777777777778,5.152777777777778,0.198,62.23391521197011,0.4166666666666667,36
102900051009336,Chinese Caterpillar Fungus Flowers,Edible Mushroom,39.977,1155.1684,28.8778816199377,16.062679127725858,0.11680000000000001,424.210440307971,0.037383177570093455,321
102900011032176,Basil (Bag),Flower/Leaf Vegetables,40.0,148.9,3.7225,1.5685,0.0943,79.62761400022082,0.125,40
102900011034569,Honghu Lotus (Lotus Root),Aquatic Tuberous Vegetables,40.0,395.20000000000005,9.88,8.3375,0.0943,26.97652644363478,0.4,40
102900051009220,Youcaitai,Flower/Leaf Vegetables,40.726,380.879,9.64,6.668099999999999,0.1094,71.17311632607235,0.0,100
102900011032282,Xiangtianhongcaitai (Bag),Flower/Leaf Vegetables,41.0,152.7,3.724390243902439,2.5,0.0,50.199999999999996,0.14634146341463414,41
102900011036242,Green And Red Jian Pepper Mix (Bag),Capsicum,45.0,249.3,5.54,3.042666666666667,0.0943,98.1241139450149,0.1111111111111111,45
102900011002414,Panax Notoginseng,Flower/Leaf Vegetables,45.252,609.8486,13.50960451977401,6.180282485875707,0.16949999999999998,273.7559449729079,0.0,177
102900011018132,Wild Pink Lotus Root,Aquatic Tuberous Vegetables,50.815,734.56,14.986666666666666,9.843866666666667,0.12689999999999999,177.93631428244186,0.0,75
102900011008485,Mustard,Flower/Leaf Vegetables,51.735,370.363,7.451923076923077,3.9759615384615383,0.1375,139.92677971014493,0.07692307692307693,104
102900011032633,Fresh Sea (2),Edible Mushroom,51.895,734.2768,14.227692307692308,8.293538461538462,0.09430000000000001,259.5726816385116,0.3384615384615385,195
102900011023976,Net Lotus Root (2),Aquatic Tuberous Vegetables,62.221,371.0292,5.9460674157303375,3.8751685393258426,0.1162,95.08283204344875,0.02247191011235955,89
102900011033241,Caidian Quinoa Artemisia (Bag),Flower/Leaf Vegetables,65.0,232.9,3.583076923076923,3.433076923076923,0.0943,-13.484012366125661,0.23076923076923078,65
102900011032350,Bell Pepper (2),Capsicum,76.596,1228.795,15.969896193771627,8.560968858131487,0.0943,505.98214806227224,0.04844290657439446,289
106957634300058,The Crab Flavor Mushroom (Box),Edible Mushroom,81.0,232.2,2.8666666666666667,1.730864197530864,0.0,92.0,0.037037037037037035,81
102900005115977,Wandoujian,Flower/Leaf Vegetables,85.048,1134.0808,14.767263427109974,9.246649616368286,0.0836,359.9502020078569,0.0,391
102900011012482,Tea Tree Mushroom (Bag),Edible Mushroom,90.0,771.0,8.566666666666666,5.540222222222222,0.09970000000000001,217.1623903143397,0.26666666666666666,90
102900011000175,Kuaicai,Flower/Leaf Vegetables,91.272,753.452,8.217391304347826,4.800118577075099,0.20379999999999998,201.8157277066064,0.023715415019762844,253
102900011034262,Red Pepper (Bag),Capsicum,93.0,317.9,3.418279569892473,2.3833333333333333,0.0943,73.17216517610686,0.06451612903225806,93
102900005116639,Machixian,Flower/Leaf Vegetables,94.56700000000001,870.3634,9.61405750798722,5.740255591054313,0.11779999999999999,285.9248259805033,0.09584664536741214,313
106956146480203,The Crab Flavor Mushroom (2),Edible Mushroom,95.0,394.3,4.150526315789474,1.9984210526315789,0.1604,168.18041924726063,0.0,95
102900011007969,Red Lotus Root Zone,Aquatic Tuberous Vegetables,100.69,1075.5408,10.698016997167139,6.79257790368272,0.1663,255.87755182919514,0.0,353
102900005116806,Black Rapeseed,Flower/Leaf Vegetables,101.125,435.9168,4.306666666666667,2.323291666666667,0.001,202.08057377377378,0.0,240
102900011016909,Hua Eggplant,Solanum,101.379,1149.0114,11.366839378238343,6.768497409326424,0.0698,421.30306845839607,0.0,193
102900011031599,Apricot Bao Mushroom (Bag),Edible Mushroom,102.0,311.4,3.052941176470588,1.4407843137254903,0.0943,149.13876559567186,0.29411764705882354,102
102900005119104,The Crab Flavor Mushroom (1),Edible Mushroom,102.0,379.9,3.7245098039215683,2.138137254901961,0.0924,139.60691934773027,0.029411764705882353,102
106973990980123,Hfyg Haixian Mushroom (Bunch),Edible Mushroom,109.0,244.0,2.238532110091743,1.7044036697247706,0.0012,57.99679615538647,0.28440366972477066,109
102900011029176,Lameizi,Capsicum,120.249,1395.938,11.639560439560439,6.317758241758241,0.0,637.20698,0.0,455
102900005115625,Local Xiaomao Cabbage,Flower/Leaf Vegetables,121.02,554.5,4.612418300653594,3.1717973856209154,0.0018,178.00782408335002,0.0,306
102900011001691,Water Chestnut (Lingjiao),Aquatic Tuberous Vegetables,126.422,1762.1858,14.29185667752443,9.348794788273615,0.09609999999999999,473.98880918243174,0.035830618892508145,307
102900011035481,Foreign Garland Chrysanthemum  (Bag),Flower/Leaf Vegetables,127.0,952.4,7.4992125984251965,4.163228346456693,0.0943,368.6194987302639,0.2992125984251969,127
106972776821582,Xianzongye (Bag) (3),Flower/Leaf Vegetables,128.0,867.0,6.763043478260869,3.2924999999999995,0.0943,398.20238489566077,0.043478260869565216,92
102900005119968,Green Hangzhou Pepper (2),Capsicum,128.5,1142.42,8.848494453248811,4.587036450079239,0.09,494.0405274725275,0.0,631
102900011035771,Yellow Baicai (1),Flower/Leaf Vegetables,156.054,1173.7318,7.48494382022472,4.249033707865168,0.0943,451.9854711935519,0.0696629213483146,445
102900011027479,Xiaozhoupi,Capsicum,163.64000000000001,1921.8562,11.716692667706708,7.034804992199689,0.08710000000000001,674.7127122138241,0.0,641
106957634300010,The White Mushroom (Box),Edible Mushroom,168.0,486.3,2.8945121951219512,1.6929878048780487,0.0,201.79999999999998,0.006097560975609756,164
102900011035764,Longyacai,Flower/Leaf Vegetables,186.831,1578.3292000000001,8.463878326996198,4.9899619771863115,0.0943,538.4527618858342,0.09505703422053231,263
102900011033975,Green Eggplant (2),Solanum,190.522,1201.1688,6.294117647058823,4.036223908918406,0.0943,354.64544789665445,0.03225806451612903,527
102900011034354,Xianzongye (Bag) (1),Flower/Leaf Vegetables,200.0,1180.0,5.9,3.2992682926829264,0.0,524.8,0.0,41
102900005123880,Bell Pepper (1),Capsicum,212.043,2675.0713,12.652600297176821,6.942808320950967,0.16329999999999997,927.0027688657823,0.01634472511144131,673
102900011009246,Fresh Black Fungus (1),Edible Mushroom,212.171,2907.348,13.71900826446281,7.348028335301063,0.07629999999999999,1219.5558272166288,0.0,847
102900011032367,Red Bell Pepper (2),Capsicum,214.81,3987.5684,18.563846153846153,10.334446153846155,0.0943,1567.7290602627802,0.14923076923076922,650
106956146480197,The White Mushroom (2),Edible Mushroom,251.0,1008.8000000000001,4.019123505976096,2.379043824701195,0.073,364.6360302049623,0.02390438247011952,251
102900005117209,7 Colour Pepper (1),Capsicum,263.192,5557.9864,21.25842044134727,11.720673635307781,0.1598,1914.0325080695077,0.013937282229965157,861
102900011001219,The Red Bell Pepper (1),Capsicum,278.612,4921.8121,17.71689655172414,10.424563218390805,0.08929999999999999,1720.089337289997,0.013793103448275862,870
102900011032220,Fruit Pepper (Bag),Capsicum,283.0,2190.0,7.738515901060071,4.729328621908127,0.0943,712.2479849839902,0.34275618374558303,283
102900011007044,Tremella (Flower),Edible Mushroom,288.0,1225.4,4.257093425605536,2.968615916955017,0.09140000000000001,284.58996257979305,0.15916955017301038,289
102900011030158,Xiaoqingcai (2),Flower/Leaf Vegetables,296.0,454.6,1.5358108108108108,0.8850675675675677,0.0943,165.34307165728163,0.057432432432432436,296
102900011033982,Eggplant (1),Solanum,297.158,3237.7046,10.909374999999999,4.671875,0.0943,1750.193304869162,0.03125,608
102900011030042,Zhijiang Red Bolt (Bag),Flower/Leaf Vegetables,313.0,681.6,2.177635782747604,1.17814696485623,0.0943,274.44531301755546,0.17891373801916932,313
102900005115199,Sichuan Red Cedar,Flower/Leaf Vegetables,333.485,10556.5685,32.752994791666666,24.154147135416665,0.10460000000000001,1538.3965098280096,0.15950520833333334,1536
102900011034217,Chinese Cabbage (Bag),Flower/Leaf Vegetables,342.0,2809.5,8.216909620991254,5.996384839650147,0.09429999999999998,543.7718339405984,0.2653061224489796,343
102900011035511,Net Lotus Root (3),Aquatic Tuberous Vegetables,348.8,2552.8646,7.313132911392405,3.919098101265823,0.0943,1036.6780260792755,0.08860759493670886,632
102900011032343,7 Colour Pepper (2),Capsicum,370.209,8984.947400000001,24.036767485822306,13.030595463137997,0.0943,3713.6357957160208,0.14555765595463138,1058
102900011035740,Crab Flavor Mushroom And White Mushroom Mix (Box),Edible Mushroom,371.0,2931.8,7.902425876010782,5.318463611859839,0.0084,941.9351351351353,0.31266846361185985,371
102900005116912,Jigu Mushroom (1),Edible Mushroom,375.222,5661.9376,15.101315789473684,8.856946271929825,0.08990000000000001,2010.0155694539062,0.010964912280701754,1824
102900011035788,Xixia Xianggu Mushroom (Bag),Edible Mushroom,379.0,1848.5,4.87730870712401,2.4749076517150397,0.0943,812.8480181075411,0.026385224274406333,379
106930274220092,The Crab Flavor Mushroom (Bag),Edible Mushroom,400.0,1982.1000000000001,5.1922693266832916,2.9527680798004985,0.11130000000000001,652.1123776302466,0.0,401
102900011032619,Xixia Xianggu Mushroom (2),Edible Mushroom,414.593,9015.2332,21.786177565124934,13.606262626262627,0.0943,2797.6819909903943,0.08080808080808081,1881
102900005115854,Radish Leaves,Flower/Leaf Vegetables,415.325,2103.8182,5.125609756097561,2.9133048780487805,0.0535,850.0615280507132,0.0,820
102900011034200,Amaranth (Bag),Flower/Leaf Vegetables,426.0,1171.2,2.748941176470588,1.5091058823529413,0.0943,462.6430826984652,0.2917647058823529,425
102900005116219,Red Hot Peppers,Capsicum,439.567,6426.7,14.646741452991453,8.153723290598291,0.0673,2592.9424037739896,0.0010683760683760685,1872
102900011010891,Wild Lotus Root (1),Aquatic Tuberous Vegetables,449.754,4668.0384,10.173430493273543,6.9973991031390135,0.0797,1240.113690666087,0.10089686098654709,892
102900011032732,High Melon (2),Aquatic Tuberous Vegetables,449.856,8969.1363,20.23447559709242,13.61048805815161,0.0943,2181.511678160539,0.3125649013499481,1926
102900011032206,Green Hang Pepper (Bag),Capsicum,457.0,1423.1,3.114945054945055,1.7804615384615385,0.09430000000000001,525.462813293585,0.22857142857142856,455
102900011030905,Yuxingcao (Bag),Flower/Leaf Vegetables,470.0,2190.2000000000003,4.66,1.7024893617021275,0.0943,1306.7176106878658,0.1148936170212766,470
102900011033937,Needle Mushroom (2),Edible Mushroom,473.315,5685.5638,12.283449477351915,8.134729965156794,0.0943,1422.3286338301864,0.2587108013937282,1148
102900005119944,Haixian Mushroom (1),Edible Mushroom,502.504,7745.6091,15.425442176870748,9.069201814058957,0.0989,2683.663899689269,0.010430839002267574,2205
102900011030103,Garden Chrysanthemum (Bag),Flower/Leaf Vegetables,587.0,1360.0,2.318259385665529,1.3063822525597268,0.0943,513.8036877553272,0.15358361774744028,586
102900005118572,Local Shanghaiqing,Flower/Leaf Vegetables,596.697,1487.5732,2.570127795527157,1.6536421725239618,0.1199,395.10574175661856,0.007987220447284345,1252
102900005119098,The Agaricus Bisporus,Edible Mushroom,628.043,12961.945300000001,21.53397823458283,14.045054413542926,0.1278,2946.1949216464113,0.1309955663039097,2481
102900011022030,Pepper Mix,Capsicum,643.0,9432.7,14.681591263650546,2.4,0.0943,7728.824544551176,0.0062402496099844,641
102900005116943,Red Hang Pepper,Capsicum,659.1610000000001,15126.9585,21.88921113689095,13.0108283062645,0.0999,5065.854978169093,0.004640371229698376,4310
102900011000571,Suizhou Bubble Green,Flower/Leaf Vegetables,675.221,2840.2674,4.696127562642369,2.8816021260440396,0.12200000000000001,855.9980833712984,0.0015186028853454822,1317
102900011031995,Jigu (Bag),Edible Mushroom,683.0,2186.7,3.2002923976608186,2.061184210526316,0.0943,632.852147510213,0.42251461988304095,684
102900011032213,Red Hang Pepper (Bag),Capsicum,708.0,3404.1000000000004,4.80818053596615,2.5990973201692524,0.0943,1371.2303963784918,0.24964739069111425,709
106930274620090,Haixian Mushroom (Bag) (2),Edible Mushroom,709.0,2931.2,4.135119887165021,3.0139069111424543,0.0,794.35,0.1001410437235543,709
102900005115748,White Caitai,Flower/Leaf Vegetables,718.676,2877.1296,4.060229885057471,2.3756321839080456,0.08779999999999999,1033.4782406489805,0.0,1305
102900011033234,Hongshujian (Bag),Flower/Leaf Vegetables,727.0,1421.7,1.9556473829201102,1.092314049586777,0.0943,544.731909020647,0.21349862258953167,726
102900011006948,Foreign Garland Chrysanthemum ,Flower/Leaf Vegetables,732.615,11699.693000000001,16.151889168765745,9.994250629722922,0.2616,1892.6818542795227,0.0025188916876574307,1588
102900011030929,Fresh Edible Fungus (Bag),Edible Mushroom,741.0,1607.1,2.168825910931174,1.5141295546558704,0.0943,368.3123219609141,0.40620782726045884,741
102900051000944,Honghu Lotus Root,Aquatic Tuberous Vegetables,745.554,21463.0442,29.199225931301406,19.79643928398645,0.24050000000000002,2169.6122447662933,0.03773584905660377,2067
102900011035078,Red Pepper (2),Capsicum,769.634,12944.367,16.906148055207026,10.535291718946048,0.0943,3970.0088571270835,0.10633626097867001,3188
102900005115168,Niushou Shengcai,Flower/Leaf Vegetables,899.837,3506.0886,4.08001916626737,2.323071394345951,0.043899999999999995,1410.5803477251332,0.0,2087
102900011031582,Green Hot Peppers (Bag),Capsicum,932.0,3243.5,3.4801502145922747,1.6932296137339056,0.0943,1501.1018549188473,0.26931330472103004,932
102900005115885,Caidian Quinoa Artemisia,Flower/Leaf Vegetables,941.188,13268.1641,14.294796288826142,9.290383219039935,0.004699999999999999,4672.688072671556,0.022589753933037516,2479
102900011032244,Red Hot Peppers (Bag),Capsicum,953.0,5585.1,5.859453781512605,3.4865966386554623,0.09430000000000001,1917.6162857458319,0.226890756302521,952
102900011018095,Chinese Caterpillar Fungus Flowers (Bag),Edible Mushroom,978.0,5973.0,6.107361963190184,3.842975460122699,0.11130000000000001,1743.8675593563635,0.0,978
102900051000463,Round Eggplant (2),Solanum,1047.689,7804.0886,7.591652566271856,4.516565143824027,0.06709999999999999,2829.905461399936,0.0005640157924421884,1773
102900011001806,Jigu Mushroom (Bunch),Edible Mushroom,1073.0,6623.900000000001,6.172744186046512,3.852827906976744,0.12420000000000002,1902.707947019868,0.010232558139534883,1075
102900011032787,Zhuyecai (Bag),Flower/Leaf Vegetables,1077.0,2277.4,2.115506035283194,1.3050882079851438,0.0943,726.5001435353869,0.18384401114206128,1077
102900011031926,Chinese Caterpillar Fungus Flowers (Bag),Edible Mushroom,1109.0,5935.400000000001,5.352028854824167,2.9574120829576196,0.0943,2314.1457215413493,0.1442741208295762,1109
102900011009444,Dalong Eggplant,Solanum,1167.218,10233.7446,8.853798256537983,5.133960149439601,0.1094,3617.8770500336855,0.0228310502283105,2409
102900005118824,High Melon (1),Aquatic Tuberous Vegetables,1179.956,16266.7647,13.736976678842371,8.12107333520652,0.2925,2599.423484452297,0.037932003371733636,3559
102900005116226,Green Hot Peppers,Capsicum,1187.429,13371.9407,11.255956068713038,6.714919740918051,0.0672,4827.786229588336,0.004505773021684032,3551
102900011034439,Green And Red Hang Pepper Mix (Bag),Capsicum,1258.0,4834.6,3.842335186656076,2.345687053216839,0.0943,1576.379838798719,0.09451945988880063,1259
102900011011546,Haixian Mushroom (Bag) (1),Edible Mushroom,1266.0,5262.0,4.160509554140128,2.4151353503184714,0.05960000000000001,2012.414717141642,0.003980891719745223,1256
106971533450003,Haixian Mushroom (Bunch),Edible Mushroom,1303.0,4177.8,3.207692307692308,2.255646153846154,0.0,1239.9,0.2246153846153846,1300
102900011030912,Haixian Mushroom (Bag),Edible Mushroom,1303.0,8203.8,6.298390804597701,2.859049808429119,0.0943,4090.683073865518,0.3218390804597701,1305
102900011033944,Apricot Bao Mushroom (2),Edible Mushroom,1304.983,15394.9638,11.751668970965829,7.650219237606162,0.0943,4339.430223760626,0.3069326486272961,5063
102900011012994,Apricot Bao Mushroom (Bag),Edible Mushroom,1343.0,7085.200000000001,5.273507462686567,3.1484029850746267,0.10029999999999999,2384.1107480271203,0.002238805970149254,1340
102900011022849,The Local Yellow Youcai,Flower/Leaf Vegetables,1375.887,4139.8978,3.2037590773173856,1.8961683041435284,0.0673,1551.719168071191,0.0,2341
102900005125808,Millet Pepper,Capsicum,1447.586,40934.015699999996,26.577390326209223,16.04911361079865,0.058600000000000006,14458.036116401105,0.004349456317960255,13335
102900011006689,Dongmenkou Xiaobaicai,Flower/Leaf Vegetables,1543.882,8014.4382000000005,5.253676117251321,3.1219197501201346,0.2784,1402.9068391352553,0.003363767419509851,4162
102900005115946,Muercai,Flower/Leaf Vegetables,1567.465,11105.7276,7.098733195449845,3.994870734229576,0.0761,4441.369920597467,0.054033092037228544,3868
102900011009277,Water Chestnut,Aquatic Tuberous Vegetables,1672.013,10674.9274,6.324841660802252,4.064869809992963,0.1102,2933.141526770061,0.043631245601688955,2842
102900005115793,Chinese Cabbage,Flower/Leaf Vegetables,1709.163,26949.0835,15.793224181360202,9.959075566750629,0.0759,8553.652691645926,0.010327455919395465,3970
106971533455008,Haixian Mushroom (Bag) (3),Edible Mushroom,1776.0,6440.0,3.626126126126126,2.0740315315315314,0.013000000000000001,2708.0243161094227,0.10923423423423423,1776
102900011032848,Ginger And Xiaomijiao Mix (Small Bag),Capsicum,1868.0,7547.8,4.040578158458244,1.6826070663811563,0.0943,4077.434536822347,0.13329764453961457,1868
102900011033920,Huangxincai (2),Flower/Leaf Vegetables,1883.243,13238.9898,7.083819628647214,3.8919540229885055,0.0943,5343.427229612454,0.08134394341290893,3393
102900011030134,Caixin (Bag),Flower/Leaf Vegetables,2053.0,6609.8,3.2195811008280564,1.7169459327812957,0.0943,2717.904228773324,0.282513395031661,2053
102900011001561,Lotus (Ea),Aquatic Tuberous Vegetables,2095.0,4523.0,2.342914979757085,1.4253846153846153,0.1217,1275.1006489809859,0.006072874493927126,494
102900011001813,Needle Mushroom (Bag) (1),Edible Mushroom,2150.0,6272.5,2.952414486921529,1.8201307847082495,0.0885,2044.6448162369718,0.025653923541247486,1988
106958851400125,Haixian Mushroom (Bag) (4),Edible Mushroom,2150.0,7987.599999999999,3.7151627906976743,2.410720930232558,0.11130000000000001,2154.720513109036,0.005581395348837209,2150
102900051004294,Green Line Pepper,Capsicum,2220.351,30879.5174,13.802403846153846,8.340628770739064,0.078,10577.912313232106,0.003393665158371041,10608
102900011032237,Green Line Pepper (Bag),Capsicum,2307.0,9473.8,4.10654529692241,2.0071651495448632,0.0943,4361.146803577343,0.09969657563935848,2307
102900005125815,Apricot Bao Mushroom (1),Edible Mushroom,2405.2980000000002,24374.9566,10.105935892362487,6.0021712175174775,0.050499999999999996,9120.144425171144,0.016224772457459437,7581
102900011022764,Changxianqie,Solanum,2497.527,26313.1134,10.76186282811177,6.594609652836579,0.069,9060.180016541355,0.00016934801016088062,5905
102900005116837,Ping Mushroom,Edible Mushroom,2543.49,19645.3792,7.831319000581058,4.625344276583381,0.11599999999999999,6405.946801809955,0.013654851830331202,6884
106949711300068,Needle Mushroom (Bag) (3),Edible Mushroom,2549.0,8434.9,3.311198738170347,2.0322791798107254,0.1113,2611.6975694835155,0.0007886435331230284,2536
102900005115250,Xixia Black Mushroom (1),Edible Mushroom,2813.715,60182.664500000006,21.473910756552996,13.962999035679845,0.10800000000000001,16254.293210762336,0.004646269834312264,11407
102900005116790,Yellow Xincai (1),Flower/Leaf Vegetables,2918.477,17981.6991,6.077299209321681,3.435622138992925,0.10640000000000001,6566.926472426141,0.06325426550145652,4806
102900011013274,The White Mushroom (Bag),Edible Mushroom,2927.0,20492.9,6.999486477233824,4.296840123245464,0.06570000000000001,7025.758824788613,0.045532351934269084,2921
102900011030141,Shanghai Green (Bag),Flower/Leaf Vegetables,3071.0,9090.9,2.9608922175187233,1.4083393031585802,0.09430000000000001,4317.211140554267,0.29111038749592966,3071
106949711300167,Needle Mushroom (Bag) (2),Edible Mushroom,3181.0,9989.0,3.1422291993720566,1.960656200941915,0.0664,3312.661096829477,0.07629513343799058,3185
102900011023464,Xiaoqingcai (1),Flower/Leaf Vegetables,3270.155,18793.6748,5.893957016434892,3.4010429835651075,0.1033,6697.603505252594,0.001390644753476612,7910
102900005116233,Red Pepper (1),Capsicum,3459.754,57313.6197,16.091310879190384,9.845453036053131,0.1176,17492.120447960107,0.0033997469955724226,12648
102900005116509,Green Eggplant (1),Solanum,3519.011,23370.1911,6.902015994668444,4.364010329890037,0.0501,7882.373887661859,0.010663112295901367,6002
102900005115861,Niushou Youcai,Flower/Leaf Vegetables,3840.204,15187.6865,4.107791074545001,2.419820493642483,0.1217,4991.079793863145,0.0036150585888805784,8022
102900011034224,Xiaoqingcai (Bag),Flower/Leaf Vegetables,4059.0,12225.8,3.011754558896008,1.4470970921636273,0.0943,5739.722932538368,0.1540167570231641,4058
102900005115878,Garden Chrysanthemum,Flower/Leaf Vegetables,4113.244,26892.0628,6.637282780410742,4.06862855450237,0.06269999999999999,9229.14207024432,0.014316745655608214,10128
102900011034330,Agaricus Bisporus (Box),Edible Mushroom,4233.0,22628.5,5.346077504725899,3.486297258979206,0.002,7843.249498997997,0.1994328922495274,4232
102900005115908,Caixin,Flower/Leaf Vegetables,4498.148,32794.0117,7.315399648231386,4.437265976157906,0.13699999999999998,9712.888791541136,0.028727770177838577,10234
102900011008522,Sweet Chinese Cabbage,Flower/Leaf Vegetables,4689.466,35653.002,7.638536005434782,4.522454144021739,0.0943,12389.62824489345,0.057065217391304345,5888
102900005116547,Needle Mushroom (1),Edible Mushroom,4699.9,37337.3135,8.027740849064966,4.724583887264026,0.034300000000000004,14648.32255042974,0.0059381370202960205,11283
102900005122654,Zhijiang Red Bolt,Flower/Leaf Vegetables,4962.956,30851.2315,6.389383875400824,4.241524278515803,0.11380000000000001,7906.024075039494,0.011795693999083829,8732
102900005115762,Amaranth,Flower/Leaf Vegetables,5102.658,25530.1776,5.071307893970289,3.257517234682979,0.1852,5459.954367304859,0.009806777357024954,10299
102900005119975,Hongshujian,Flower/Leaf Vegetables,5161.229,30280.1259,5.985344234736761,3.612612516237488,0.08419999999999998,10408.308166870494,0.03652479559868572,13087
102900011032022,Xiaozhoupi (Bag),Capsicum,5178.0,17585.0,3.3977597528003085,1.7400212437234452,0.0943,7642.436237164624,0.17825415218230978,5178
102900005118817,Spinach,Flower/Leaf Vegetables,5218.388,52374.2748,9.963779749331081,6.29113645965357,0.18510000000000001,11830.80022643269,0.0035910435149978876,14202
102900011008164,Naibaicai,Flower/Leaf Vegetables,5818.966,27825.3598,4.859513290902284,2.8786544365406215,0.1568,8254.146339373812,0.006589292399850243,13355
102900011034026,Zhijiang Qinggengsanhua,Cabbage,5825.591,47453.0959,8.065955210607163,4.840937019969278,0.0943,16069.377615799931,0.12870886894655995,12369
102900011021842,Honghu Lotus Root Powder (Fenou),Aquatic Tuberous Vegetables,6059.0,64410.0,10.624650233177881,7.4073017988008,0.1181,13519.400158748163,0.08927381745502998,6004
102900011030110,Spinach (Bag),Flower/Leaf Vegetables,6348.0,25378.5,3.9983317595215615,2.401238589864652,0.0943,8544.261289610246,0.2215926975133774,6354
102900011033906,Powcan Mountain Chinese Cabbage ,Flower/Leaf Vegetables,6501.052,16046.8708,2.498798377028714,1.1429806491885144,0.09430000000000001,7949.7148211990725,0.012172284644194757,6408
102900011034231,Cabbage Stem (Bag),Flower/Leaf Vegetables,6935.0,22509.2,3.2462527075812275,1.7050685920577617,0.0943,9464.317588605498,0.1471480144404332,6925
102900005115786,Zhuyecai,Flower/Leaf Vegetables,7246.958,38957.0876,5.474428518472755,3.4788422093166935,0.1362,10323.506863718454,0.013344865933522798,16186
102900005115823,Shanghaiqing,Flower/Leaf Vegetables,7608.386,56900.9328,7.524657534246575,4.4505551550108144,0.14429999999999998,17569.634062124576,0.013578466714732035,16644
102900011000328,Luosi Pepper,Capsicum,7794.899,82031.9321,10.658329658700062,7.004381779698386,0.10180000000000002,22093.628425985306,0.012038098597759943,22678
102900051010455,Huangbaicai (2),Flower/Leaf Vegetables,7993.683,53517.3082,6.750834956860563,3.9095080712496517,0.1561,16830.493909207253,0.025953242415808517,14372
102900011032251,Luosi Pepper (Bag),Capsicum,8240.0,40750.4,4.946239689471131,2.800053372149442,0.0943,15279.195406867615,0.13913148956817079,8244
102900011009970,Qinggengsanhua,Cabbage,8394.375,58277.9158,7.058703339882121,4.432461689587426,0.17059999999999997,14140.753140245963,0.041388343156516044,15270
102900011030097,Yunnan Leaf Lettuce (Bag),Flower/Leaf Vegetables,8856.0,35725.2,4.03411937267291,2.318239873631953,0.0943,13056.711538036878,0.23073451427281957,8863
102900005118831,Wawacai,Flower/Leaf Vegetables,9002.0,45162.4,5.0217700689348455,3.2537758505670444,0.0248,15159.938966365873,0.07004669779853236,8994
102900005117056,Paopaojiao (Jingpin),Capsicum,9707.027,95610.6849,9.857506511958324,7.146388428447391,0.0708,20657.599439388723,0.020719867392848687,25338
102900005115984,Yunnan Lettuces,Flower/Leaf Vegetables,10309.079,70692.2511,6.892826133677198,4.172750483558994,0.1281,21615.366021435944,0.030088115194498173,23265
102900011031100,Millet Pepper (Bag),Capsicum,10847.0,55062.0,5.080595501474926,2.5565569690265484,0.0943,24467.774539030583,0.08692846607669616,10848
102900005116530,Xixia Mushroom (1),Edible Mushroom,11929.1,211356.7198,17.98501547075291,11.858080363720559,0.1382,49098.14303044791,0.09101433412616557,47509
102900005116257,Eggplant (2),Solanum,13608.976,117797.5297,8.678459297031507,5.724537971225642,0.060700000000000004,35132.36952753114,0.03645966126388636,27455
102900011030059,Yunnan Lettuce (Bag),Flower/Leaf Vegetables,14335.0,64041.5,4.467895030709101,2.6832691233947514,0.0943,21578.31130617202,0.1435650474595198,14328
106949711300259,Needle Mushroom (Box),Edible Mushroom,15602.0,58669.5,3.7605990635623114,2.420622153806683,0.0045000000000000005,20739.83651431442,0.07587710858828811,15591
102900005115779,Yunnan Shengcai,Flower/Leaf Vegetables,15915.422,129797.0675,8.209421616065384,5.054783764133678,0.1525,35631.752172566376,0.042244340261237995,39887
102900005115960,Chinese Cabbage,Flower/Leaf Vegetables,19196.094,38780.5657,2.1455988931348005,1.250324153379892,0.2227,9375.487146031133,0.018579522993806826,15178
102900005116899,Net Lotus Root (1),Aquatic Tuberous Vegetables,27166.459,211769.9397,7.952709685630648,5.592392261677485,0.055400000000000005,53614.713773681986,0.10533282423316788,39285
102900005116714,Broccoli,Cabbage,27555.945,270060.5556,9.90091842797725,6.592637297343179,0.0926,71838.41008534274,0.041117052881758764,58905
102900011016701,Wuhu Green Pepper (1),Capsicum,28181.741,205219.9385,7.378117092000858,5.185668310815641,0.057,52732.60036638387,0.018571734934591466,69945
